batch,requestIndex,concurrency,latencyMs,outcome,exceptionType,batchElapsedMs
1,0,8,36.536,CONCURRENCY_DB_FAILURE,CannotAcquireLockException,40.240
1,1,8,37.305,CONCURRENCY_DB_FAILURE,CannotAcquireLockException,40.240
1,2,8,37.341,CONCURRENCY_DB_FAILURE,CannotAcquireLockException,40.240
1,3,8,36.471,CONCURRENCY_DB_FAILURE,CannotAcquireLockException,40.240
1,4,8,35.427,CONCURRENCY_DB_FAILURE,CannotAcquireLockException,40.240
1,5,8,40.065,SUCCESS,,40.240
1,6,8,36.645,CONCURRENCY_DB_FAILURE,CannotAcquireLockException,40.240
1,7,8,36.342,CONCURRENCY_DB_FAILURE,CannotAcquireLockException,40.240
2,0,8,36.775,CONCURRENCY_DB_FAILURE,CannotAcquireLockException,39.132
2,1,8,36.649,CONCURRENCY_DB_FAILURE,CannotAcquireLockException,39.132
2,2,8,36.614,CONCURRENCY_DB_FAILURE,CannotAcquireLockException,39.132
2,3,8,37.496,CONCURRENCY_DB_FAILURE,CannotAcquireLockException,39.132
2,4,8,37.505,CONCURRENCY_DB_FAILURE,CannotAcquireLockException,39.132
2,5,8,38.912,SUCCESS,,39.132
2,6,8,35.639,CONCURRENCY_DB_FAILURE,CannotAcquireLockException,39.132
2,7,8,36.558,CONCURRENCY_DB_FAILURE,CannotAcquireLockException,39.132
3,0,8,33.428,CONCURRENCY_DB_FAILURE,CannotAcquireLockException,38.346
3,1,8,38.268,SUCCESS,,38.346
3,2,8,33.266,CONCURRENCY_DB_FAILURE,CannotAcquireLockException,38.346
3,3,8,37.288,CONCURRENCY_DB_FAILURE,CannotAcquireLockException,38.346
3,4,8,33.247,CONCURRENCY_DB_FAILURE,CannotAcquireLockException,38.346
3,5,8,34.227,CONCURRENCY_DB_FAILURE,CannotAcquireLockException,38.346
3,6,8,33.149,CONCURRENCY_DB_FAILURE,CannotAcquireLockException,38.346
3,7,8,34.267,CONCURRENCY_DB_FAILURE,CannotAcquireLockException,38.346
4,0,8,35.769,SUCCESS,,35.833
4,1,8,34.891,CONCURRENCY_DB_FAILURE,CannotAcquireLockException,35.833
4,2,8,34.736,CONCURRENCY_DB_FAILURE,CannotAcquireLockException,35.833
4,3,8,34.675,CONCURRENCY_DB_FAILURE,CannotAcquireLockException,35.833
4,4,8,34.608,CONCURRENCY_DB_FAILURE,CannotAcquireLockException,35.833
4,5,8,34.546,CONCURRENCY_DB_FAILURE,CannotAcquireLockException,35.833
4,6,8,34.370,CONCURRENCY_DB_FAILURE,CannotAcquireLockException,35.833
4,7,8,34.772,CONCURRENCY_DB_FAILURE,CannotAcquireLockException,35.833
5,0,8,39.931,CONCURRENCY_DB_FAILURE,CannotAcquireLockException,40.977
5,1,8,39.883,SUCCESS,,40.977
5,2,8,39.918,CONCURRENCY_DB_FAILURE,CannotAcquireLockException,40.977
5,3,8,39.947,CONCURRENCY_DB_FAILURE,CannotAcquireLockException,40.977
5,4,8,39.885,CONCURRENCY_DB_FAILURE,CannotAcquireLockException,40.977
5,5,8,39.827,CONCURRENCY_DB_FAILURE,CannotAcquireLockException,40.977
5,6,8,39.739,CONCURRENCY_DB_FAILURE,CannotAcquireLockException,40.977
5,7,8,40.701,CONCURRENCY_DB_FAILURE,CannotAcquireLockException,40.977
6,0,8,33.103,CONCURRENCY_DB_FAILURE,CannotAcquireLockException,37.776
6,1,8,33.077,CONCURRENCY_DB_FAILURE,CannotAcquireLockException,37.776
6,2,8,32.773,CONCURRENCY_DB_FAILURE,CannotAcquireLockException,37.776
6,3,8,33.194,CONCURRENCY_DB_FAILURE,CannotAcquireLockException,37.776
6,4,8,33.042,CONCURRENCY_DB_FAILURE,CannotAcquireLockException,37.776
6,5,8,37.545,SUCCESS,,37.776
6,6,8,36.587,CONCURRENCY_DB_FAILURE,CannotAcquireLockException,37.776
6,7,8,36.644,CONCURRENCY_DB_FAILURE,CannotAcquireLockException,37.776
7,0,8,32.926,CONCURRENCY_DB_FAILURE,CannotAcquireLockException,38.492
7,1,8,32.133,CONCURRENCY_DB_FAILURE,CannotAcquireLockException,38.492
7,2,8,38.357,SUCCESS,,38.492
7,3,8,32.773,CONCURRENCY_DB_FAILURE,CannotAcquireLockException,38.492
7,4,8,32.999,CONCURRENCY_DB_FAILURE,CannotAcquireLockException,38.492
7,5,8,36.354,CONCURRENCY_DB_FAILURE,CannotAcquireLockException,38.492
7,6,8,32.916,CONCURRENCY_DB_FAILURE,CannotAcquireLockException,38.492
7,7,8,36.338,CONCURRENCY_DB_FAILURE,CannotAcquireLockException,38.492
8,0,8,36.485,CONCURRENCY_DB_FAILURE,CannotAcquireLockException,38.720
8,1,8,36.466,CONCURRENCY_DB_FAILURE,CannotAcquireLockException,38.720
8,2,8,36.466,CONCURRENCY_DB_FAILURE,CannotAcquireLockException,38.720
8,3,8,36.345,CONCURRENCY_DB_FAILURE,CannotAcquireLockException,38.720
8,4,8,36.455,CONCURRENCY_DB_FAILURE,CannotAcquireLockException,38.720
8,5,8,36.280,CONCURRENCY_DB_FAILURE,CannotAcquireLockException,38.720
8,6,8,38.424,SUCCESS,,38.720
8,7,8,36.154,CONCURRENCY_DB_FAILURE,CannotAcquireLockException,38.720
9,0,8,54.480,SUCCESS,,54.582
9,1,8,51.225,CONCURRENCY_DB_FAILURE,CannotAcquireLockException,54.582
9,2,8,51.159,CONCURRENCY_DB_FAILURE,CannotAcquireLockException,54.582
9,3,8,51.242,CONCURRENCY_DB_FAILURE,CannotAcquireLockException,54.582
9,4,8,51.221,CONCURRENCY_DB_FAILURE,CannotAcquireLockException,54.582
9,5,8,51.114,CONCURRENCY_DB_FAILURE,CannotAcquireLockException,54.582
9,6,8,51.204,CONCURRENCY_DB_FAILURE,CannotAcquireLockException,54.582
9,7,8,51.049,CONCURRENCY_DB_FAILURE,CannotAcquireLockException,54.582
10,0,8,33.266,CONCURRENCY_DB_FAILURE,CannotAcquireLockException,34.877
10,1,8,33.402,CONCURRENCY_DB_FAILURE,CannotAcquireLockException,34.877
10,2,8,34.793,SUCCESS,,34.877
10,3,8,33.361,CONCURRENCY_DB_FAILURE,CannotAcquireLockException,34.877
10,4,8,33.208,CONCURRENCY_DB_FAILURE,CannotAcquireLockException,34.877
10,5,8,33.078,CONCURRENCY_DB_FAILURE,CannotAcquireLockException,34.877
10,6,8,33.327,CONCURRENCY_DB_FAILURE,CannotAcquireLockException,34.877
10,7,8,33.126,CONCURRENCY_DB_FAILURE,CannotAcquireLockException,34.877
11,0,8,30.753,CONCURRENCY_DB_FAILURE,CannotAcquireLockException,33.520
11,1,8,30.490,CONCURRENCY_DB_FAILURE,CannotAcquireLockException,33.520
11,2,8,30.535,CONCURRENCY_DB_FAILURE,CannotAcquireLockException,33.520
11,3,8,30.464,CONCURRENCY_DB_FAILURE,CannotAcquireLockException,33.520
11,4,8,30.296,CONCURRENCY_DB_FAILURE,CannotAcquireLockException,33.520
11,5,8,33.347,SUCCESS,,33.520
11,6,8,30.190,CONCURRENCY_DB_FAILURE,CannotAcquireLockException,33.520
11,7,8,30.304,CONCURRENCY_DB_FAILURE,CannotAcquireLockException,33.520
12,0,8,36.497,CONCURRENCY_DB_FAILURE,CannotAcquireLockException,40.717
12,1,8,40.493,SUCCESS,,40.717
12,2,8,36.428,CONCURRENCY_DB_FAILURE,CannotAcquireLockException,40.717
12,3,8,36.471,CONCURRENCY_DB_FAILURE,CannotAcquireLockException,40.717
12,4,8,36.071,CONCURRENCY_DB_FAILURE,CannotAcquireLockException,40.717
12,5,8,36.481,CONCURRENCY_DB_FAILURE,CannotAcquireLockException,40.717
12,6,8,36.305,CONCURRENCY_DB_FAILURE,CannotAcquireLockException,40.717
12,7,8,36.116,CONCURRENCY_DB_FAILURE,CannotAcquireLockException,40.717
13,0,8,30.550,CONCURRENCY_DB_FAILURE,CannotAcquireLockException,32.495
13,1,8,30.516,CONCURRENCY_DB_FAILURE,CannotAcquireLockException,32.495
13,2,8,30.102,CONCURRENCY_DB_FAILURE,CannotAcquireLockException,32.495
13,3,8,30.358,CONCURRENCY_DB_FAILURE,CannotAcquireLockException,32.495
13,4,8,30.079,CONCURRENCY_DB_FAILURE,CannotAcquireLockException,32.495
13,5,8,29.903,CONCURRENCY_DB_FAILURE,CannotAcquireLockException,32.495
13,6,8,30.245,CONCURRENCY_DB_FAILURE,CannotAcquireLockException,32.495
13,7,8,32.009,SUCCESS,,32.495
14,0,8,25.831,CONCURRENCY_DB_FAILURE,CannotAcquireLockException,27.584
14,1,8,25.884,CONCURRENCY_DB_FAILURE,CannotAcquireLockException,27.584
14,2,8,25.811,CONCURRENCY_DB_FAILURE,CannotAcquireLockException,27.584
14,3,8,25.800,CONCURRENCY_DB_FAILURE,CannotAcquireLockException,27.584
14,4,8,25.682,CONCURRENCY_DB_FAILURE,CannotAcquireLockException,27.584
14,5,8,25.683,CONCURRENCY_DB_FAILURE,CannotAcquireLockException,27.584
14,6,8,25.878,CONCURRENCY_DB_FAILURE,CannotAcquireLockException,27.584
14,7,8,27.413,SUCCESS,,27.584
15,0,8,28.242,CONCURRENCY_DB_FAILURE,CannotAcquireLockException,30.527
15,1,8,29.216,CONCURRENCY_DB_FAILURE,CannotAcquireLockException,30.527
15,2,8,30.467,SUCCESS,,30.527
15,3,8,27.171,CONCURRENCY_DB_FAILURE,CannotAcquireLockException,30.527
15,4,8,28.182,CONCURRENCY_DB_FAILURE,CannotAcquireLockException,30.527
15,5,8,28.121,CONCURRENCY_DB_FAILURE,CannotAcquireLockException,30.527
15,6,8,29.092,CONCURRENCY_DB_FAILURE,CannotAcquireLockException,30.527
15,7,8,27.566,CONCURRENCY_DB_FAILURE,CannotAcquireLockException,30.527
16,0,8,25.800,CONCURRENCY_DB_FAILURE,CannotAcquireLockException,26.795
16,1,8,24.520,CONCURRENCY_DB_FAILURE,CannotAcquireLockException,26.795
16,2,8,26.732,SUCCESS,,26.795
16,3,8,24.521,CONCURRENCY_DB_FAILURE,CannotAcquireLockException,26.795
16,4,8,25.705,CONCURRENCY_DB_FAILURE,CannotAcquireLockException,26.795
16,5,8,26.482,CONCURRENCY_DB_FAILURE,CannotAcquireLockException,26.795
16,6,8,22.884,CONCURRENCY_DB_FAILURE,CannotAcquireLockException,26.795
16,7,8,25.361,CONCURRENCY_DB_FAILURE,CannotAcquireLockException,26.795
17,0,8,30.211,CONCURRENCY_DB_FAILURE,CannotAcquireLockException,34.126
17,1,8,29.211,CONCURRENCY_DB_FAILURE,CannotAcquireLockException,34.126
17,2,8,29.194,CONCURRENCY_DB_FAILURE,CannotAcquireLockException,34.126
17,3,8,30.231,CONCURRENCY_DB_FAILURE,CannotAcquireLockException,34.126
17,4,8,30.212,CONCURRENCY_DB_FAILURE,CannotAcquireLockException,34.126
17,5,8,32.439,CONCURRENCY_DB_FAILURE,CannotAcquireLockException,34.126
17,6,8,33.960,SUCCESS,,34.126
17,7,8,30.079,CONCURRENCY_DB_FAILURE,CannotAcquireLockException,34.126
18,0,8,27.645,CONCURRENCY_DB_FAILURE,CannotAcquireLockException,30.019
18,1,8,27.531,CONCURRENCY_DB_FAILURE,CannotAcquireLockException,30.019
18,2,8,27.401,CONCURRENCY_DB_FAILURE,CannotAcquireLockException,30.019
18,3,8,29.948,SUCCESS,,30.019
18,4,8,27.578,CONCURRENCY_DB_FAILURE,CannotAcquireLockException,30.019
18,5,8,27.338,CONCURRENCY_DB_FAILURE,CannotAcquireLockException,30.019
18,6,8,27.330,CONCURRENCY_DB_FAILURE,CannotAcquireLockException,30.019
18,7,8,27.400,CONCURRENCY_DB_FAILURE,CannotAcquireLockException,30.019
19,0,8,27.566,CONCURRENCY_DB_FAILURE,CannotAcquireLockException,38.034
19,1,8,36.217,CONCURRENCY_DB_FAILURE,CannotAcquireLockException,38.034
19,2,8,27.019,CONCURRENCY_DB_FAILURE,CannotAcquireLockException,38.034
19,3,8,37.950,SUCCESS,,38.034
19,4,8,29.245,SUCCESS,,38.034
19,5,8,26.828,CONCURRENCY_DB_FAILURE,CannotAcquireLockException,38.034
19,6,8,26.709,CONCURRENCY_DB_FAILURE,CannotAcquireLockException,38.034
19,7,8,26.698,CONCURRENCY_DB_FAILURE,CannotAcquireLockException,38.034
20,0,8,35.278,SUCCESS,,35.452
20,1,8,30.490,CONCURRENCY_DB_FAILURE,CannotAcquireLockException,35.452
20,2,8,34.441,CONCURRENCY_DB_FAILURE,CannotAcquireLockException,35.452
20,3,8,30.446,CONCURRENCY_DB_FAILURE,CannotAcquireLockException,35.452
20,4,8,35.168,CONCURRENCY_DB_FAILURE,CannotAcquireLockException,35.452
20,5,8,35.152,CONCURRENCY_DB_FAILURE,CannotAcquireLockException,35.452
20,6,8,35.159,CONCURRENCY_DB_FAILURE,CannotAcquireLockException,35.452
20,7,8,35.121,CONCURRENCY_DB_FAILURE,CannotAcquireLockException,35.452
21,0,8,22.987,CONCURRENCY_DB_FAILURE,CannotAcquireLockException,26.102
21,1,8,22.903,CONCURRENCY_DB_FAILURE,CannotAcquireLockException,26.102
21,2,8,23.726,CONCURRENCY_DB_FAILURE,CannotAcquireLockException,26.102
21,3,8,23.687,CONCURRENCY_DB_FAILURE,CannotAcquireLockException,26.102
21,4,8,22.854,CONCURRENCY_DB_FAILURE,CannotAcquireLockException,26.102
21,5,8,22.892,CONCURRENCY_DB_FAILURE,CannotAcquireLockException,26.102
21,6,8,25.954,SUCCESS,,26.102
21,7,8,22.866,CONCURRENCY_DB_FAILURE,CannotAcquireLockException,26.102
22,0,8,27.828,CONCURRENCY_DB_FAILURE,CannotAcquireLockException,30.807
22,1,8,28.471,CONCURRENCY_DB_FAILURE,CannotAcquireLockException,30.807
22,2,8,27.809,CONCURRENCY_DB_FAILURE,CannotAcquireLockException,30.807
22,3,8,28.345,CONCURRENCY_DB_FAILURE,CannotAcquireLockException,30.807
22,4,8,27.782,CONCURRENCY_DB_FAILURE,CannotAcquireLockException,30.807
22,5,8,27.741,CONCURRENCY_DB_FAILURE,CannotAcquireLockException,30.807
22,6,8,30.655,SUCCESS,,30.807
22,7,8,27.709,CONCURRENCY_DB_FAILURE,CannotAcquireLockException,30.807
23,0,8,23.330,CONCURRENCY_DB_FAILURE,CannotAcquireLockException,29.349
23,1,8,23.969,CONCURRENCY_DB_FAILURE,CannotAcquireLockException,29.349
23,2,8,25.231,CONCURRENCY_DB_FAILURE,CannotAcquireLockException,29.349
23,3,8,24.344,CONCURRENCY_DB_FAILURE,CannotAcquireLockException,29.349
23,4,8,23.313,CONCURRENCY_DB_FAILURE,CannotAcquireLockException,29.349
23,5,8,29.193,SUCCESS,,29.349
23,6,8,23.287,CONCURRENCY_DB_FAILURE,CannotAcquireLockException,29.349
23,7,8,25.200,CONCURRENCY_DB_FAILURE,CannotAcquireLockException,29.349
24,0,8,25.010,CONCURRENCY_DB_FAILURE,CannotAcquireLockException,26.955
24,1,8,25.891,CONCURRENCY_DB_FAILURE,CannotAcquireLockException,26.955
24,2,8,23.273,CONCURRENCY_DB_FAILURE,CannotAcquireLockException,26.955
24,3,8,25.789,CONCURRENCY_DB_FAILURE,CannotAcquireLockException,26.955
24,4,8,25.032,CONCURRENCY_DB_FAILURE,CannotAcquireLockException,26.955
24,5,8,24.979,CONCURRENCY_DB_FAILURE,CannotAcquireLockException,26.955
24,6,8,26.794,SUCCESS,,26.955
24,7,8,25.673,CONCURRENCY_DB_FAILURE,CannotAcquireLockException,26.955
25,0,8,27.045,CONCURRENCY_DB_FAILURE,CannotAcquireLockException,28.701
25,1,8,27.794,CONCURRENCY_DB_FAILURE,CannotAcquireLockException,28.701
25,2,8,26.958,CONCURRENCY_DB_FAILURE,CannotAcquireLockException,28.701
25,3,8,28.622,SUCCESS,,28.701
25,4,8,26.908,CONCURRENCY_DB_FAILURE,CannotAcquireLockException,28.701
25,5,8,27.787,CONCURRENCY_DB_FAILURE,CannotAcquireLockException,28.701
25,6,8,27.711,CONCURRENCY_DB_FAILURE,CannotAcquireLockException,28.701
25,7,8,26.908,CONCURRENCY_DB_FAILURE,CannotAcquireLockException,28.701
26,0,8,25.869,CONCURRENCY_DB_FAILURE,CannotAcquireLockException,27.772
26,1,8,25.781,CONCURRENCY_DB_FAILURE,CannotAcquireLockException,27.772
26,2,8,25.827,CONCURRENCY_DB_FAILURE,CannotAcquireLockException,27.772
26,3,8,27.665,SUCCESS,,27.772
26,4,8,25.752,CONCURRENCY_DB_FAILURE,CannotAcquireLockException,27.772
26,5,8,25.720,CONCURRENCY_DB_FAILURE,CannotAcquireLockException,27.772
26,6,8,25.708,CONCURRENCY_DB_FAILURE,CannotAcquireLockException,27.772
26,7,8,25.531,CONCURRENCY_DB_FAILURE,CannotAcquireLockException,27.772
27,0,8,22.524,CONCURRENCY_DB_FAILURE,CannotAcquireLockException,26.320
27,1,8,23.441,CONCURRENCY_DB_FAILURE,CannotAcquireLockException,26.320
27,2,8,22.634,CONCURRENCY_DB_FAILURE,CannotAcquireLockException,26.320
27,3,8,23.351,CONCURRENCY_DB_FAILURE,CannotAcquireLockException,26.320
27,4,8,24.148,CONCURRENCY_DB_FAILURE,CannotAcquireLockException,26.320
27,5,8,22.465,CONCURRENCY_DB_FAILURE,CannotAcquireLockException,26.320
27,6,8,22.697,CONCURRENCY_DB_FAILURE,CannotAcquireLockException,26.320
27,7,8,26.099,SUCCESS,,26.320
28,0,8,25.674,CONCURRENCY_DB_FAILURE,CannotAcquireLockException,28.203
28,1,8,25.904,CONCURRENCY_DB_FAILURE,CannotAcquireLockException,28.203
28,2,8,25.467,CONCURRENCY_DB_FAILURE,CannotAcquireLockException,28.203
28,3,8,25.870,CONCURRENCY_DB_FAILURE,CannotAcquireLockException,28.203
28,4,8,28.059,SUCCESS,,28.203
28,5,8,25.807,CONCURRENCY_DB_FAILURE,CannotAcquireLockException,28.203
28,6,8,25.797,CONCURRENCY_DB_FAILURE,CannotAcquireLockException,28.203
28,7,8,26.417,CONCURRENCY_DB_FAILURE,CannotAcquireLockException,28.203
29,0,8,25.385,CONCURRENCY_DB_FAILURE,CannotAcquireLockException,29.177
29,1,8,25.419,CONCURRENCY_DB_FAILURE,CannotAcquireLockException,29.177
29,2,8,26.397,CONCURRENCY_DB_FAILURE,CannotAcquireLockException,29.177
29,3,8,25.374,CONCURRENCY_DB_FAILURE,CannotAcquireLockException,29.177
29,4,8,26.378,CONCURRENCY_DB_FAILURE,CannotAcquireLockException,29.177
29,5,8,25.284,CONCURRENCY_DB_FAILURE,CannotAcquireLockException,29.177
29,6,8,25.249,CONCURRENCY_DB_FAILURE,CannotAcquireLockException,29.177
29,7,8,28.948,SUCCESS,,29.177
30,0,8,23.469,CONCURRENCY_DB_FAILURE,CannotAcquireLockException,24.670
30,1,8,23.425,CONCURRENCY_DB_FAILURE,CannotAcquireLockException,24.670
30,2,8,23.407,CONCURRENCY_DB_FAILURE,CannotAcquireLockException,24.670
30,3,8,23.388,CONCURRENCY_DB_FAILURE,CannotAcquireLockException,24.670
30,4,8,21.959,CONCURRENCY_DB_FAILURE,CannotAcquireLockException,24.670
30,5,8,24.583,SUCCESS,,24.670
30,6,8,23.319,CONCURRENCY_DB_FAILURE,CannotAcquireLockException,24.670
30,7,8,21.802,CONCURRENCY_DB_FAILURE,CannotAcquireLockException,24.670
31,0,8,31.651,CONCURRENCY_DB_FAILURE,CannotAcquireLockException,34.365
31,1,8,32.962,CONCURRENCY_DB_FAILURE,CannotAcquireLockException,34.365
31,2,8,29.280,CONCURRENCY_DB_FAILURE,CannotAcquireLockException,34.365
31,3,8,34.280,SUCCESS,,34.365
31,4,8,31.570,CONCURRENCY_DB_FAILURE,CannotAcquireLockException,34.365
31,5,8,29.125,CONCURRENCY_DB_FAILURE,CannotAcquireLockException,34.365
31,6,8,32.706,CONCURRENCY_DB_FAILURE,CannotAcquireLockException,34.365
31,7,8,29.059,CONCURRENCY_DB_FAILURE,CannotAcquireLockException,34.365
32,0,8,28.344,CONCURRENCY_DB_FAILURE,CannotAcquireLockException,29.961
32,1,8,28.751,CONCURRENCY_DB_FAILURE,CannotAcquireLockException,29.961
32,2,8,28.686,CONCURRENCY_DB_FAILURE,CannotAcquireLockException,29.961
32,3,8,28.276,CONCURRENCY_DB_FAILURE,CannotAcquireLockException,29.961
32,4,8,28.327,CONCURRENCY_DB_FAILURE,CannotAcquireLockException,29.961
32,5,8,28.255,CONCURRENCY_DB_FAILURE,CannotAcquireLockException,29.961
32,6,8,29.727,SUCCESS,,29.961
32,7,8,28.466,CONCURRENCY_DB_FAILURE,CannotAcquireLockException,29.961
33,0,8,25.109,CONCURRENCY_DB_FAILURE,CannotAcquireLockException,27.734
33,1,8,25.125,CONCURRENCY_DB_FAILURE,CannotAcquireLockException,27.734
33,2,8,25.090,CONCURRENCY_DB_FAILURE,CannotAcquireLockException,27.734
33,3,8,27.659,SUCCESS,,27.734
33,4,8,25.067,CONCURRENCY_DB_FAILURE,CannotAcquireLockException,27.734
33,5,8,24.994,CONCURRENCY_DB_FAILURE,CannotAcquireLockException,27.734
33,6,8,24.988,CONCURRENCY_DB_FAILURE,CannotAcquireLockException,27.734
33,7,8,24.955,CONCURRENCY_DB_FAILURE,CannotAcquireLockException,27.734
34,0,8,27.152,SUCCESS,,27.200
34,1,8,25.556,CONCURRENCY_DB_FAILURE,CannotAcquireLockException,27.200
34,2,8,24.959,CONCURRENCY_DB_FAILURE,CannotAcquireLockException,27.200
34,3,8,25.682,CONCURRENCY_DB_FAILURE,CannotAcquireLockException,27.200
34,4,8,24.843,CONCURRENCY_DB_FAILURE,CannotAcquireLockException,27.200
34,5,8,25.349,CONCURRENCY_DB_FAILURE,CannotAcquireLockException,27.200
34,6,8,25.488,CONCURRENCY_DB_FAILURE,CannotAcquireLockException,27.200
34,7,8,24.918,CONCURRENCY_DB_FAILURE,CannotAcquireLockException,27.200
35,0,8,23.367,CONCURRENCY_DB_FAILURE,CannotAcquireLockException,24.981
35,1,8,23.339,CONCURRENCY_DB_FAILURE,CannotAcquireLockException,24.981
35,2,8,23.347,CONCURRENCY_DB_FAILURE,CannotAcquireLockException,24.981
35,3,8,23.358,CONCURRENCY_DB_FAILURE,CannotAcquireLockException,24.981
35,4,8,24.903,SUCCESS,,24.981
35,5,8,23.269,CONCURRENCY_DB_FAILURE,CannotAcquireLockException,24.981
35,6,8,20.760,CONCURRENCY_DB_FAILURE,CannotAcquireLockException,24.981
35,7,8,20.755,CONCURRENCY_DB_FAILURE,CannotAcquireLockException,24.981
36,0,8,25.877,CONCURRENCY_DB_FAILURE,CannotAcquireLockException,27.169
36,1,8,25.840,CONCURRENCY_DB_FAILURE,CannotAcquireLockException,27.169
36,2,8,25.983,CONCURRENCY_DB_FAILURE,CannotAcquireLockException,27.169
36,3,8,25.865,CONCURRENCY_DB_FAILURE,CannotAcquireLockException,27.169
36,4,8,25.806,CONCURRENCY_DB_FAILURE,CannotAcquireLockException,27.169
36,5,8,27.044,SUCCESS,,27.169
36,6,8,25.761,CONCURRENCY_DB_FAILURE,CannotAcquireLockException,27.169
36,7,8,23.692,CONCURRENCY_DB_FAILURE,CannotAcquireLockException,27.169
37,0,8,26.735,SUCCESS,,27.108
37,1,8,25.852,CONCURRENCY_DB_FAILURE,CannotAcquireLockException,27.108
37,2,8,26.990,CONCURRENCY_DB_FAILURE,CannotAcquireLockException,27.108
37,3,8,25.892,CONCURRENCY_DB_FAILURE,CannotAcquireLockException,27.108
37,4,8,26.866,CONCURRENCY_DB_FAILURE,CannotAcquireLockException,27.108
37,5,8,26.997,CONCURRENCY_DB_FAILURE,CannotAcquireLockException,27.108
37,6,8,26.758,CONCURRENCY_DB_FAILURE,CannotAcquireLockException,27.108
37,7,8,26.763,CONCURRENCY_DB_FAILURE,CannotAcquireLockException,27.108
38,0,8,21.032,CONCURRENCY_DB_FAILURE,CannotAcquireLockException,22.706
38,1,8,21.143,CONCURRENCY_DB_FAILURE,CannotAcquireLockException,22.706
38,2,8,21.049,CONCURRENCY_DB_FAILURE,CannotAcquireLockException,22.706
38,3,8,21.056,CONCURRENCY_DB_FAILURE,CannotAcquireLockException,22.706
38,4,8,20.985,CONCURRENCY_DB_FAILURE,CannotAcquireLockException,22.706
38,5,8,20.802,CONCURRENCY_DB_FAILURE,CannotAcquireLockException,22.706
38,6,8,20.786,CONCURRENCY_DB_FAILURE,CannotAcquireLockException,22.706
38,7,8,22.497,SUCCESS,,22.706
39,0,8,22.049,CONCURRENCY_DB_FAILURE,CannotAcquireLockException,23.813
39,1,8,22.064,CONCURRENCY_DB_FAILURE,CannotAcquireLockException,23.813
39,2,8,21.777,CONCURRENCY_DB_FAILURE,CannotAcquireLockException,23.813
39,3,8,23.639,SUCCESS,,23.813
39,4,8,21.654,CONCURRENCY_DB_FAILURE,CannotAcquireLockException,23.813
39,5,8,21.826,CONCURRENCY_DB_FAILURE,CannotAcquireLockException,23.813
39,6,8,21.924,CONCURRENCY_DB_FAILURE,CannotAcquireLockException,23.813
39,7,8,21.799,CONCURRENCY_DB_FAILURE,CannotAcquireLockException,23.813
40,0,8,28.674,CONCURRENCY_DB_FAILURE,CannotAcquireLockException,31.307
40,1,8,26.578,CONCURRENCY_DB_FAILURE,CannotAcquireLockException,31.307
40,2,8,28.141,CONCURRENCY_DB_FAILURE,CannotAcquireLockException,31.307
40,3,8,24.899,CONCURRENCY_DB_FAILURE,CannotAcquireLockException,31.307
40,4,8,31.230,SUCCESS,,31.307
40,5,8,27.329,CONCURRENCY_DB_FAILURE,CannotAcquireLockException,31.307
40,6,8,25.089,CONCURRENCY_DB_FAILURE,CannotAcquireLockException,31.307
40,7,8,28.514,CONCURRENCY_DB_FAILURE,CannotAcquireLockException,31.307
41,0,8,25.197,CONCURRENCY_DB_FAILURE,CannotAcquireLockException,36.954
41,1,8,25.188,CONCURRENCY_DB_FAILURE,CannotAcquireLockException,36.954
41,2,8,36.635,CONCURRENCY_DB_FAILURE,CannotAcquireLockException,36.954
41,3,8,23.961,CONCURRENCY_DB_FAILURE,CannotAcquireLockException,36.954
41,4,8,25.187,CONCURRENCY_DB_FAILURE,CannotAcquireLockException,36.954
41,5,8,36.900,SUCCESS,,36.954
41,6,8,26.739,SUCCESS,,36.954
41,7,8,25.372,CONCURRENCY_DB_FAILURE,CannotAcquireLockException,36.954
42,0,8,27.723,CONCURRENCY_DB_FAILURE,CannotAcquireLockException,27.774
42,1,8,27.318,SUCCESS,,27.774
42,2,8,27.540,CONCURRENCY_DB_FAILURE,CannotAcquireLockException,27.774
42,3,8,27.507,CONCURRENCY_DB_FAILURE,CannotAcquireLockException,27.774
42,4,8,26.869,CONCURRENCY_DB_FAILURE,CannotAcquireLockException,27.774
42,5,8,26.760,CONCURRENCY_DB_FAILURE,CannotAcquireLockException,27.774
42,6,8,26.706,CONCURRENCY_DB_FAILURE,CannotAcquireLockException,27.774
42,7,8,26.694,CONCURRENCY_DB_FAILURE,CannotAcquireLockException,27.774
43,0,8,26.000,CONCURRENCY_DB_FAILURE,CannotAcquireLockException,27.426
43,1,8,26.054,CONCURRENCY_DB_FAILURE,CannotAcquireLockException,27.426
43,2,8,26.096,CONCURRENCY_DB_FAILURE,CannotAcquireLockException,27.426
43,3,8,25.191,CONCURRENCY_DB_FAILURE,CannotAcquireLockException,27.426
43,4,8,27.356,SUCCESS,,27.426
43,5,8,25.996,CONCURRENCY_DB_FAILURE,CannotAcquireLockException,27.426
43,6,8,25.794,CONCURRENCY_DB_FAILURE,CannotAcquireLockException,27.426
43,7,8,25.837,CONCURRENCY_DB_FAILURE,CannotAcquireLockException,27.426
44,0,8,26.763,CONCURRENCY_DB_FAILURE,CannotAcquireLockException,28.658
44,1,8,27.694,CONCURRENCY_DB_FAILURE,CannotAcquireLockException,28.658
44,2,8,26.712,CONCURRENCY_DB_FAILURE,CannotAcquireLockException,28.658
44,3,8,24.896,CONCURRENCY_DB_FAILURE,CannotAcquireLockException,28.658
44,4,8,27.598,CONCURRENCY_DB_FAILURE,CannotAcquireLockException,28.658
44,5,8,28.518,SUCCESS,,28.658
44,6,8,25.648,CONCURRENCY_DB_FAILURE,CannotAcquireLockException,28.658
44,7,8,27.539,CONCURRENCY_DB_FAILURE,CannotAcquireLockException,28.658
45,0,8,25.542,CONCURRENCY_DB_FAILURE,CannotAcquireLockException,30.044
45,1,8,29.965,SUCCESS,,30.044
45,2,8,25.532,CONCURRENCY_DB_FAILURE,CannotAcquireLockException,30.044
45,3,8,25.435,CONCURRENCY_DB_FAILURE,CannotAcquireLockException,30.044
45,4,8,26.491,CONCURRENCY_DB_FAILURE,CannotAcquireLockException,30.044
45,5,8,25.410,CONCURRENCY_DB_FAILURE,CannotAcquireLockException,30.044
45,6,8,25.336,CONCURRENCY_DB_FAILURE,CannotAcquireLockException,30.044
45,7,8,26.435,CONCURRENCY_DB_FAILURE,CannotAcquireLockException,30.044
46,0,8,26.029,CONCURRENCY_DB_FAILURE,CannotAcquireLockException,28.811
46,1,8,26.720,CONCURRENCY_DB_FAILURE,CannotAcquireLockException,28.811
46,2,8,26.038,CONCURRENCY_DB_FAILURE,CannotAcquireLockException,28.811
46,3,8,26.013,CONCURRENCY_DB_FAILURE,CannotAcquireLockException,28.811
46,4,8,25.951,CONCURRENCY_DB_FAILURE,CannotAcquireLockException,28.811
46,5,8,26.809,CONCURRENCY_DB_FAILURE,CannotAcquireLockException,28.811
46,6,8,26.730,CONCURRENCY_DB_FAILURE,CannotAcquireLockException,28.811
46,7,8,28.640,SUCCESS,,28.811
47,0,8,27.096,CONCURRENCY_DB_FAILURE,CannotAcquireLockException,28.641
47,1,8,27.133,CONCURRENCY_DB_FAILURE,CannotAcquireLockException,28.641
47,2,8,26.805,CONCURRENCY_DB_FAILURE,CannotAcquireLockException,28.641
47,3,8,26.795,CONCURRENCY_DB_FAILURE,CannotAcquireLockException,28.641
47,4,8,28.502,SUCCESS,,28.641
47,5,8,26.937,CONCURRENCY_DB_FAILURE,CannotAcquireLockException,28.641
47,6,8,24.955,CONCURRENCY_DB_FAILURE,CannotAcquireLockException,28.641
47,7,8,26.977,CONCURRENCY_DB_FAILURE,CannotAcquireLockException,28.641
48,0,8,32.596,SUCCESS,,32.661
48,1,8,32.226,CONCURRENCY_DB_FAILURE,CannotAcquireLockException,32.661
48,2,8,32.249,CONCURRENCY_DB_FAILURE,CannotAcquireLockException,32.661
48,3,8,32.209,CONCURRENCY_DB_FAILURE,CannotAcquireLockException,32.661
48,4,8,32.037,CONCURRENCY_DB_FAILURE,CannotAcquireLockException,32.661
48,5,8,32.011,CONCURRENCY_DB_FAILURE,CannotAcquireLockException,32.661
48,6,8,32.008,CONCURRENCY_DB_FAILURE,CannotAcquireLockException,32.661
48,7,8,32.019,CONCURRENCY_DB_FAILURE,CannotAcquireLockException,32.661
49,0,8,28.538,CONCURRENCY_DB_FAILURE,CannotAcquireLockException,30.563
49,1,8,25.813,CONCURRENCY_DB_FAILURE,CannotAcquireLockException,30.563
49,2,8,25.706,CONCURRENCY_DB_FAILURE,CannotAcquireLockException,30.563
49,3,8,25.668,CONCURRENCY_DB_FAILURE,CannotAcquireLockException,30.563
49,4,8,25.641,CONCURRENCY_DB_FAILURE,CannotAcquireLockException,30.563
49,5,8,30.446,SUCCESS,,30.563
49,6,8,25.605,CONCURRENCY_DB_FAILURE,CannotAcquireLockException,30.563
49,7,8,26.571,CONCURRENCY_DB_FAILURE,CannotAcquireLockException,30.563
50,0,8,20.525,CONCURRENCY_DB_FAILURE,CannotAcquireLockException,22.069
50,1,8,20.240,CONCURRENCY_DB_FAILURE,CannotAcquireLockException,22.069
50,2,8,20.514,CONCURRENCY_DB_FAILURE,CannotAcquireLockException,22.069
50,3,8,20.500,CONCURRENCY_DB_FAILURE,CannotAcquireLockException,22.069
50,4,8,19.154,CONCURRENCY_DB_FAILURE,CannotAcquireLockException,22.069
50,5,8,21.840,SUCCESS,,22.069
50,6,8,20.498,CONCURRENCY_DB_FAILURE,CannotAcquireLockException,22.069
50,7,8,20.370,CONCURRENCY_DB_FAILURE,CannotAcquireLockException,22.069
