batch,requestIndex,concurrency,latencyMs,outcome,exceptionType,attemptsUsed,retryCount,conflictCount,exhausted,batchElapsedMs
1,0,8,48.438,UNEXPECTED_DB_FAILURE,CannotAcquireLockException,1,0,0,false,54.472
1,1,8,54.410,SUCCESS,,1,0,0,false,54.472
1,2,8,48.954,UNEXPECTED_DB_FAILURE,CannotAcquireLockException,1,0,0,false,54.472
1,3,8,48.397,UNEXPECTED_DB_FAILURE,CannotAcquireLockException,1,0,0,false,54.472
1,4,8,48.427,UNEXPECTED_DB_FAILURE,CannotAcquireLockException,1,0,0,false,54.472
1,5,8,48.351,UNEXPECTED_DB_FAILURE,CannotAcquireLockException,1,0,0,false,54.472
1,6,8,47.097,UNEXPECTED_DB_FAILURE,CannotAcquireLockException,1,0,0,false,54.472
1,7,8,46.895,UNEXPECTED_DB_FAILURE,CannotAcquireLockException,1,0,0,false,54.472
2,0,8,45.737,UNEXPECTED_DB_FAILURE,CannotAcquireLockException,1,0,0,false,51.203
2,1,8,46.511,UNEXPECTED_DB_FAILURE,CannotAcquireLockException,1,0,0,false,51.203
2,2,8,46.478,UNEXPECTED_DB_FAILURE,CannotAcquireLockException,1,0,0,false,51.203
2,3,8,46.563,UNEXPECTED_DB_FAILURE,CannotAcquireLockException,1,0,0,false,51.203
2,4,8,45.711,UNEXPECTED_DB_FAILURE,CannotAcquireLockException,1,0,0,false,51.203
2,5,8,46.454,UNEXPECTED_DB_FAILURE,CannotAcquireLockException,1,0,0,false,51.203
2,6,8,50.979,SUCCESS,,1,0,0,false,51.203
2,7,8,45.608,UNEXPECTED_DB_FAILURE,CannotAcquireLockException,1,0,0,false,51.203
3,0,8,50.552,UNEXPECTED_DB_FAILURE,CannotAcquireLockException,1,0,0,false,57.295
3,1,8,57.220,SUCCESS,,1,0,0,false,57.295
3,2,8,50.621,UNEXPECTED_DB_FAILURE,CannotAcquireLockException,1,0,0,false,57.295
3,3,8,50.523,UNEXPECTED_DB_FAILURE,CannotAcquireLockException,1,0,0,false,57.295
3,4,8,47.852,UNEXPECTED_DB_FAILURE,CannotAcquireLockException,1,0,0,false,57.295
3,5,8,50.520,UNEXPECTED_DB_FAILURE,CannotAcquireLockException,1,0,0,false,57.295
3,6,8,50.337,UNEXPECTED_DB_FAILURE,CannotAcquireLockException,1,0,0,false,57.295
3,7,8,50.260,UNEXPECTED_DB_FAILURE,CannotAcquireLockException,1,0,0,false,57.295
4,0,8,51.227,UNEXPECTED_DB_FAILURE,CannotAcquireLockException,1,0,0,false,57.653
4,1,8,51.370,UNEXPECTED_DB_FAILURE,CannotAcquireLockException,1,0,0,false,57.653
4,2,8,57.521,SUCCESS,,1,0,0,false,57.653
4,3,8,51.386,UNEXPECTED_DB_FAILURE,CannotAcquireLockException,1,0,0,false,57.653
4,4,8,50.498,UNEXPECTED_DB_FAILURE,CannotAcquireLockException,1,0,0,false,57.653
4,5,8,51.278,UNEXPECTED_DB_FAILURE,CannotAcquireLockException,1,0,0,false,57.653
4,6,8,51.191,UNEXPECTED_DB_FAILURE,CannotAcquireLockException,1,0,0,false,57.653
4,7,8,51.232,UNEXPECTED_DB_FAILURE,CannotAcquireLockException,1,0,0,false,57.653
5,0,8,48.003,UNEXPECTED_DB_FAILURE,CannotAcquireLockException,1,0,0,false,54.856
5,1,8,49.082,UNEXPECTED_DB_FAILURE,CannotAcquireLockException,1,0,0,false,54.856
5,2,8,49.041,UNEXPECTED_DB_FAILURE,CannotAcquireLockException,1,0,0,false,54.856
5,3,8,48.688,UNEXPECTED_DB_FAILURE,CannotAcquireLockException,1,0,0,false,54.856
5,4,8,49.235,UNEXPECTED_DB_FAILURE,CannotAcquireLockException,1,0,0,false,54.856
5,5,8,54.282,SUCCESS,,1,0,0,false,54.856
5,6,8,47.089,UNEXPECTED_DB_FAILURE,CannotAcquireLockException,1,0,0,false,54.856
5,7,8,48.186,UNEXPECTED_DB_FAILURE,CannotAcquireLockException,1,0,0,false,54.856
6,0,8,36.429,UNEXPECTED_DB_FAILURE,CannotAcquireLockException,1,0,0,false,41.465
6,1,8,41.413,SUCCESS,,1,0,0,false,41.465
6,2,8,35.937,UNEXPECTED_DB_FAILURE,CannotAcquireLockException,1,0,0,false,41.465
6,3,8,36.184,UNEXPECTED_DB_FAILURE,CannotAcquireLockException,1,0,0,false,41.465
6,4,8,35.261,UNEXPECTED_DB_FAILURE,CannotAcquireLockException,1,0,0,false,41.465
6,5,8,35.169,UNEXPECTED_DB_FAILURE,CannotAcquireLockException,1,0,0,false,41.465
6,6,8,35.880,UNEXPECTED_DB_FAILURE,CannotAcquireLockException,1,0,0,false,41.465
6,7,8,35.953,UNEXPECTED_DB_FAILURE,CannotAcquireLockException,1,0,0,false,41.465
7,0,8,43.533,UNEXPECTED_DB_FAILURE,CannotAcquireLockException,1,0,0,false,49.953
7,1,8,43.586,UNEXPECTED_DB_FAILURE,CannotAcquireLockException,1,0,0,false,49.953
7,2,8,43.524,UNEXPECTED_DB_FAILURE,CannotAcquireLockException,1,0,0,false,49.953
7,3,8,49.389,SUCCESS,,1,0,0,false,49.953
7,4,8,43.511,UNEXPECTED_DB_FAILURE,CannotAcquireLockException,1,0,0,false,49.953
7,5,8,42.954,UNEXPECTED_DB_FAILURE,CannotAcquireLockException,1,0,0,false,49.953
7,6,8,44.161,UNEXPECTED_DB_FAILURE,CannotAcquireLockException,1,0,0,false,49.953
7,7,8,43.133,UNEXPECTED_DB_FAILURE,CannotAcquireLockException,1,0,0,false,49.953
8,0,8,45.146,UNEXPECTED_DB_FAILURE,CannotAcquireLockException,1,0,0,false,51.024
8,1,8,50.946,SUCCESS,,1,0,0,false,51.024
8,2,8,45.296,UNEXPECTED_DB_FAILURE,CannotAcquireLockException,1,0,0,false,51.024
8,3,8,44.800,UNEXPECTED_DB_FAILURE,CannotAcquireLockException,1,0,0,false,51.024
8,4,8,44.693,UNEXPECTED_DB_FAILURE,CannotAcquireLockException,1,0,0,false,51.024
8,5,8,45.103,UNEXPECTED_DB_FAILURE,CannotAcquireLockException,1,0,0,false,51.024
8,6,8,44.971,UNEXPECTED_DB_FAILURE,CannotAcquireLockException,1,0,0,false,51.024
8,7,8,44.492,UNEXPECTED_DB_FAILURE,CannotAcquireLockException,1,0,0,false,51.024
9,0,8,41.331,UNEXPECTED_DB_FAILURE,CannotAcquireLockException,1,0,0,false,51.239
9,1,8,41.209,UNEXPECTED_DB_FAILURE,CannotAcquireLockException,1,0,0,false,51.239
9,2,8,41.561,UNEXPECTED_DB_FAILURE,CannotAcquireLockException,1,0,0,false,51.239
9,3,8,41.521,UNEXPECTED_DB_FAILURE,CannotAcquireLockException,1,0,0,false,51.239
9,4,8,41.533,UNEXPECTED_DB_FAILURE,CannotAcquireLockException,1,0,0,false,51.239
9,5,8,41.370,UNEXPECTED_DB_FAILURE,CannotAcquireLockException,1,0,0,false,51.239
9,6,8,51.039,SUCCESS,,1,0,0,false,51.239
9,7,8,41.337,UNEXPECTED_DB_FAILURE,CannotAcquireLockException,1,0,0,false,51.239
10,0,8,46.111,UNEXPECTED_DB_FAILURE,CannotAcquireLockException,1,0,0,false,50.290
10,1,8,40.150,UNEXPECTED_DB_FAILURE,CannotAcquireLockException,1,0,0,false,50.290
10,2,8,45.542,UNEXPECTED_DB_FAILURE,CannotAcquireLockException,1,0,0,false,50.290
10,3,8,45.581,UNEXPECTED_DB_FAILURE,CannotAcquireLockException,1,0,0,false,50.290
10,4,8,45.523,UNEXPECTED_DB_FAILURE,CannotAcquireLockException,1,0,0,false,50.290
10,5,8,50.143,SUCCESS,,1,0,0,false,50.290
10,6,8,45.423,UNEXPECTED_DB_FAILURE,CannotAcquireLockException,1,0,0,false,50.290
10,7,8,45.435,UNEXPECTED_DB_FAILURE,CannotAcquireLockException,1,0,0,false,50.290
11,0,8,34.625,UNEXPECTED_DB_FAILURE,CannotAcquireLockException,1,0,0,false,43.331
11,1,8,36.285,UNEXPECTED_DB_FAILURE,CannotAcquireLockException,1,0,0,false,43.331
11,2,8,36.520,UNEXPECTED_DB_FAILURE,CannotAcquireLockException,1,0,0,false,43.331
11,3,8,36.269,UNEXPECTED_DB_FAILURE,CannotAcquireLockException,1,0,0,false,43.331
11,4,8,43.191,SUCCESS,,1,0,0,false,43.331
11,5,8,34.654,UNEXPECTED_DB_FAILURE,CannotAcquireLockException,1,0,0,false,43.331
11,6,8,36.023,UNEXPECTED_DB_FAILURE,CannotAcquireLockException,1,0,0,false,43.331
11,7,8,33.790,UNEXPECTED_DB_FAILURE,CannotAcquireLockException,1,0,0,false,43.331
12,0,8,51.831,SUCCESS,,1,0,0,false,51.892
12,1,8,45.140,UNEXPECTED_DB_FAILURE,CannotAcquireLockException,1,0,0,false,51.892
12,2,8,45.228,UNEXPECTED_DB_FAILURE,CannotAcquireLockException,1,0,0,false,51.892
12,3,8,45.257,UNEXPECTED_DB_FAILURE,CannotAcquireLockException,1,0,0,false,51.892
12,4,8,45.059,UNEXPECTED_DB_FAILURE,CannotAcquireLockException,1,0,0,false,51.892
12,5,8,46.186,UNEXPECTED_DB_FAILURE,CannotAcquireLockException,1,0,0,false,51.892
12,6,8,43.986,UNEXPECTED_DB_FAILURE,CannotAcquireLockException,1,0,0,false,51.892
12,7,8,45.547,UNEXPECTED_DB_FAILURE,CannotAcquireLockException,1,0,0,false,51.892
13,0,8,33.032,UNEXPECTED_DB_FAILURE,CannotAcquireLockException,1,0,0,false,39.502
13,1,8,32.997,UNEXPECTED_DB_FAILURE,CannotAcquireLockException,1,0,0,false,39.502
13,2,8,32.923,UNEXPECTED_DB_FAILURE,CannotAcquireLockException,1,0,0,false,39.502
13,3,8,32.121,UNEXPECTED_DB_FAILURE,CannotAcquireLockException,1,0,0,false,39.502
13,4,8,33.518,UNEXPECTED_DB_FAILURE,CannotAcquireLockException,1,0,0,false,39.502
13,5,8,32.165,UNEXPECTED_DB_FAILURE,CannotAcquireLockException,1,0,0,false,39.502
13,6,8,32.006,UNEXPECTED_DB_FAILURE,CannotAcquireLockException,1,0,0,false,39.502
13,7,8,39.314,SUCCESS,,1,0,0,false,39.502
14,0,8,38.612,UNEXPECTED_DB_FAILURE,CannotAcquireLockException,1,0,0,false,42.800
14,1,8,37.441,UNEXPECTED_DB_FAILURE,CannotAcquireLockException,1,0,0,false,42.800
14,2,8,38.555,UNEXPECTED_DB_FAILURE,CannotAcquireLockException,1,0,0,false,42.800
14,3,8,38.538,UNEXPECTED_DB_FAILURE,CannotAcquireLockException,1,0,0,false,42.800
14,4,8,42.645,SUCCESS,,1,0,0,false,42.800
14,5,8,38.378,UNEXPECTED_DB_FAILURE,CannotAcquireLockException,1,0,0,false,42.800
14,6,8,38.342,UNEXPECTED_DB_FAILURE,CannotAcquireLockException,1,0,0,false,42.800
14,7,8,38.226,UNEXPECTED_DB_FAILURE,CannotAcquireLockException,1,0,0,false,42.800
15,0,8,27.276,UNEXPECTED_DB_FAILURE,CannotAcquireLockException,1,0,0,false,34.868
15,1,8,26.584,UNEXPECTED_DB_FAILURE,CannotAcquireLockException,1,0,0,false,34.868
15,2,8,27.314,UNEXPECTED_DB_FAILURE,CannotAcquireLockException,1,0,0,false,34.868
15,3,8,34.764,SUCCESS,,1,0,0,false,34.868
15,4,8,26.560,UNEXPECTED_DB_FAILURE,CannotAcquireLockException,1,0,0,false,34.868
15,5,8,27.250,UNEXPECTED_DB_FAILURE,CannotAcquireLockException,1,0,0,false,34.868
15,6,8,27.201,UNEXPECTED_DB_FAILURE,CannotAcquireLockException,1,0,0,false,34.868
15,7,8,27.203,UNEXPECTED_DB_FAILURE,CannotAcquireLockException,1,0,0,false,34.868
16,0,8,38.638,UNEXPECTED_DB_FAILURE,CannotAcquireLockException,1,0,0,false,45.433
16,1,8,37.436,UNEXPECTED_DB_FAILURE,CannotAcquireLockException,1,0,0,false,45.433
16,2,8,37.550,UNEXPECTED_DB_FAILURE,CannotAcquireLockException,1,0,0,false,45.433
16,3,8,37.427,UNEXPECTED_DB_FAILURE,CannotAcquireLockException,1,0,0,false,45.433
16,4,8,45.334,SUCCESS,,1,0,0,false,45.433
16,5,8,37.105,UNEXPECTED_DB_FAILURE,CannotAcquireLockException,1,0,0,false,45.433
16,6,8,37.310,UNEXPECTED_DB_FAILURE,CannotAcquireLockException,1,0,0,false,45.433
16,7,8,38.992,UNEXPECTED_DB_FAILURE,CannotAcquireLockException,1,0,0,false,45.433
17,0,8,36.651,UNEXPECTED_DB_FAILURE,CannotAcquireLockException,1,0,0,false,40.508
17,1,8,40.463,SUCCESS,,1,0,0,false,40.508
17,2,8,36.637,UNEXPECTED_DB_FAILURE,CannotAcquireLockException,1,0,0,false,40.508
17,3,8,36.692,UNEXPECTED_DB_FAILURE,CannotAcquireLockException,1,0,0,false,40.508
17,4,8,36.633,UNEXPECTED_DB_FAILURE,CannotAcquireLockException,1,0,0,false,40.508
17,5,8,36.611,UNEXPECTED_DB_FAILURE,CannotAcquireLockException,1,0,0,false,40.508
17,6,8,36.533,UNEXPECTED_DB_FAILURE,CannotAcquireLockException,1,0,0,false,40.508
17,7,8,36.425,UNEXPECTED_DB_FAILURE,CannotAcquireLockException,1,0,0,false,40.508
18,0,8,25.108,UNEXPECTED_DB_FAILURE,CannotAcquireLockException,1,0,0,false,29.647
18,1,8,25.622,UNEXPECTED_DB_FAILURE,CannotAcquireLockException,1,0,0,false,29.647
18,2,8,29.589,SUCCESS,,1,0,0,false,29.647
18,3,8,25.082,UNEXPECTED_DB_FAILURE,CannotAcquireLockException,1,0,0,false,29.647
18,4,8,26.163,UNEXPECTED_DB_FAILURE,CannotAcquireLockException,1,0,0,false,29.647
18,5,8,23.720,UNEXPECTED_DB_FAILURE,CannotAcquireLockException,1,0,0,false,29.647
18,6,8,26.184,UNEXPECTED_DB_FAILURE,CannotAcquireLockException,1,0,0,false,29.647
18,7,8,24.121,UNEXPECTED_DB_FAILURE,CannotAcquireLockException,1,0,0,false,29.647
19,0,8,34.083,UNEXPECTED_DB_FAILURE,CannotAcquireLockException,1,0,0,false,39.962
19,1,8,33.981,UNEXPECTED_DB_FAILURE,CannotAcquireLockException,1,0,0,false,39.962
19,2,8,33.947,UNEXPECTED_DB_FAILURE,CannotAcquireLockException,1,0,0,false,39.962
19,3,8,39.892,SUCCESS,,1,0,0,false,39.962
19,4,8,34.011,UNEXPECTED_DB_FAILURE,CannotAcquireLockException,1,0,0,false,39.962
19,5,8,33.931,UNEXPECTED_DB_FAILURE,CannotAcquireLockException,1,0,0,false,39.962
19,6,8,34.003,UNEXPECTED_DB_FAILURE,CannotAcquireLockException,1,0,0,false,39.962
19,7,8,33.907,UNEXPECTED_DB_FAILURE,CannotAcquireLockException,1,0,0,false,39.962
20,0,8,34.710,UNEXPECTED_DB_FAILURE,CannotAcquireLockException,1,0,0,false,43.146
20,1,8,35.287,UNEXPECTED_DB_FAILURE,CannotAcquireLockException,1,0,0,false,43.146
20,2,8,42.988,SUCCESS,,1,0,0,false,43.146
20,3,8,34.667,UNEXPECTED_DB_FAILURE,CannotAcquireLockException,1,0,0,false,43.146
20,4,8,34.703,UNEXPECTED_DB_FAILURE,CannotAcquireLockException,1,0,0,false,43.146
20,5,8,34.643,UNEXPECTED_DB_FAILURE,CannotAcquireLockException,1,0,0,false,43.146
20,6,8,34.644,UNEXPECTED_DB_FAILURE,CannotAcquireLockException,1,0,0,false,43.146
20,7,8,35.167,UNEXPECTED_DB_FAILURE,CannotAcquireLockException,1,0,0,false,43.146
21,0,8,32.057,UNEXPECTED_DB_FAILURE,CannotAcquireLockException,1,0,0,false,40.899
21,1,8,32.038,UNEXPECTED_DB_FAILURE,CannotAcquireLockException,1,0,0,false,40.899
21,2,8,32.093,UNEXPECTED_DB_FAILURE,CannotAcquireLockException,1,0,0,false,40.899
21,3,8,32.018,UNEXPECTED_DB_FAILURE,CannotAcquireLockException,1,0,0,false,40.899
21,4,8,40.778,SUCCESS,,1,0,0,false,40.899
21,5,8,32.002,UNEXPECTED_DB_FAILURE,CannotAcquireLockException,1,0,0,false,40.899
21,6,8,31.921,UNEXPECTED_DB_FAILURE,CannotAcquireLockException,1,0,0,false,40.899
21,7,8,31.978,UNEXPECTED_DB_FAILURE,CannotAcquireLockException,1,0,0,false,40.899
22,0,8,34.997,UNEXPECTED_DB_FAILURE,CannotAcquireLockException,1,0,0,false,39.698
22,1,8,35.001,UNEXPECTED_DB_FAILURE,CannotAcquireLockException,1,0,0,false,39.698
22,2,8,34.982,UNEXPECTED_DB_FAILURE,CannotAcquireLockException,1,0,0,false,39.698
22,3,8,35.013,UNEXPECTED_DB_FAILURE,CannotAcquireLockException,1,0,0,false,39.698
22,4,8,34.935,UNEXPECTED_DB_FAILURE,CannotAcquireLockException,1,0,0,false,39.698
22,5,8,34.872,UNEXPECTED_DB_FAILURE,CannotAcquireLockException,1,0,0,false,39.698
22,6,8,39.570,SUCCESS,,1,0,0,false,39.698
22,7,8,34.898,UNEXPECTED_DB_FAILURE,CannotAcquireLockException,1,0,0,false,39.698
23,0,8,31.561,UNEXPECTED_DB_FAILURE,CannotAcquireLockException,1,0,0,false,37.325
23,1,8,31.560,UNEXPECTED_DB_FAILURE,CannotAcquireLockException,1,0,0,false,37.325
23,2,8,37.264,SUCCESS,,1,0,0,false,37.325
23,3,8,31.598,UNEXPECTED_DB_FAILURE,CannotAcquireLockException,1,0,0,false,37.325
23,4,8,31.266,UNEXPECTED_DB_FAILURE,CannotAcquireLockException,1,0,0,false,37.325
23,5,8,31.548,UNEXPECTED_DB_FAILURE,CannotAcquireLockException,1,0,0,false,37.325
23,6,8,31.467,UNEXPECTED_DB_FAILURE,CannotAcquireLockException,1,0,0,false,37.325
23,7,8,31.547,UNEXPECTED_DB_FAILURE,CannotAcquireLockException,1,0,0,false,37.325
24,0,8,36.164,UNEXPECTED_DB_FAILURE,CannotAcquireLockException,1,0,0,false,41.288
24,1,8,36.805,UNEXPECTED_DB_FAILURE,CannotAcquireLockException,1,0,0,false,41.288
24,2,8,36.132,UNEXPECTED_DB_FAILURE,CannotAcquireLockException,1,0,0,false,41.288
24,3,8,36.034,UNEXPECTED_DB_FAILURE,CannotAcquireLockException,1,0,0,false,41.288
24,4,8,36.018,UNEXPECTED_DB_FAILURE,CannotAcquireLockException,1,0,0,false,41.288
24,5,8,35.990,UNEXPECTED_DB_FAILURE,CannotAcquireLockException,1,0,0,false,41.288
24,6,8,36.205,UNEXPECTED_DB_FAILURE,CannotAcquireLockException,1,0,0,false,41.288
24,7,8,41.095,SUCCESS,,1,0,0,false,41.288
25,0,8,38.856,UNEXPECTED_DB_FAILURE,CannotAcquireLockException,1,0,0,false,43.686
25,1,8,38.959,UNEXPECTED_DB_FAILURE,CannotAcquireLockException,1,0,0,false,43.686
25,2,8,38.862,UNEXPECTED_DB_FAILURE,CannotAcquireLockException,1,0,0,false,43.686
25,3,8,38.952,UNEXPECTED_DB_FAILURE,CannotAcquireLockException,1,0,0,false,43.686
25,4,8,43.568,SUCCESS,,1,0,0,false,43.686
25,5,8,38.651,UNEXPECTED_DB_FAILURE,CannotAcquireLockException,1,0,0,false,43.686
25,6,8,38.732,UNEXPECTED_DB_FAILURE,CannotAcquireLockException,1,0,0,false,43.686
25,7,8,38.586,UNEXPECTED_DB_FAILURE,CannotAcquireLockException,1,0,0,false,43.686
26,0,8,32.166,UNEXPECTED_DB_FAILURE,CannotAcquireLockException,1,0,0,false,39.362
26,1,8,37.360,UNEXPECTED_DB_FAILURE,CannotAcquireLockException,1,0,0,false,39.362
26,2,8,39.293,SUCCESS,,1,0,0,false,39.362
26,3,8,37.335,UNEXPECTED_DB_FAILURE,CannotAcquireLockException,1,0,0,false,39.362
26,4,8,31.446,UNEXPECTED_DB_FAILURE,CannotAcquireLockException,1,0,0,false,39.362
26,5,8,35.626,UNEXPECTED_DB_FAILURE,CannotAcquireLockException,1,0,0,false,39.362
26,6,8,35.604,UNEXPECTED_DB_FAILURE,CannotAcquireLockException,1,0,0,false,39.362
26,7,8,35.581,UNEXPECTED_DB_FAILURE,CannotAcquireLockException,1,0,0,false,39.362
27,0,8,36.594,UNEXPECTED_DB_FAILURE,CannotAcquireLockException,1,0,0,false,41.467
27,1,8,37.162,UNEXPECTED_DB_FAILURE,CannotAcquireLockException,1,0,0,false,41.467
27,2,8,37.141,UNEXPECTED_DB_FAILURE,CannotAcquireLockException,1,0,0,false,41.467
27,3,8,37.188,UNEXPECTED_DB_FAILURE,CannotAcquireLockException,1,0,0,false,41.467
27,4,8,41.376,SUCCESS,,1,0,0,false,41.467
27,5,8,36.891,UNEXPECTED_DB_FAILURE,CannotAcquireLockException,1,0,0,false,41.467
27,6,8,36.346,UNEXPECTED_DB_FAILURE,CannotAcquireLockException,1,0,0,false,41.467
27,7,8,36.817,UNEXPECTED_DB_FAILURE,CannotAcquireLockException,1,0,0,false,41.467
28,0,8,30.622,UNEXPECTED_DB_FAILURE,CannotAcquireLockException,1,0,0,false,38.256
28,1,8,38.202,SUCCESS,,1,0,0,false,38.256
28,2,8,31.288,UNEXPECTED_DB_FAILURE,CannotAcquireLockException,1,0,0,false,38.256
28,3,8,31.820,UNEXPECTED_DB_FAILURE,CannotAcquireLockException,1,0,0,false,38.256
28,4,8,31.879,UNEXPECTED_DB_FAILURE,CannotAcquireLockException,1,0,0,false,38.256
28,5,8,31.324,UNEXPECTED_DB_FAILURE,CannotAcquireLockException,1,0,0,false,38.256
28,6,8,30.434,UNEXPECTED_DB_FAILURE,CannotAcquireLockException,1,0,0,false,38.256
28,7,8,31.702,UNEXPECTED_DB_FAILURE,CannotAcquireLockException,1,0,0,false,38.256
29,0,8,27.961,UNEXPECTED_DB_FAILURE,CannotAcquireLockException,1,0,0,false,34.498
29,1,8,28.401,UNEXPECTED_DB_FAILURE,CannotAcquireLockException,1,0,0,false,34.498
29,2,8,28.922,UNEXPECTED_DB_FAILURE,CannotAcquireLockException,1,0,0,false,34.498
29,3,8,27.975,UNEXPECTED_DB_FAILURE,CannotAcquireLockException,1,0,0,false,34.498
29,4,8,34.376,SUCCESS,,1,0,0,false,34.498
29,5,8,27.878,UNEXPECTED_DB_FAILURE,CannotAcquireLockException,1,0,0,false,34.498
29,6,8,27.854,UNEXPECTED_DB_FAILURE,CannotAcquireLockException,1,0,0,false,34.498
29,7,8,27.817,UNEXPECTED_DB_FAILURE,CannotAcquireLockException,1,0,0,false,34.498
30,0,8,28.947,UNEXPECTED_DB_FAILURE,CannotAcquireLockException,1,0,0,false,34.018
30,1,8,33.805,SUCCESS,,1,0,0,false,34.018
30,2,8,28.882,UNEXPECTED_DB_FAILURE,CannotAcquireLockException,1,0,0,false,34.018
30,3,8,29.369,UNEXPECTED_DB_FAILURE,CannotAcquireLockException,1,0,0,false,34.018
30,4,8,28.950,UNEXPECTED_DB_FAILURE,CannotAcquireLockException,1,0,0,false,34.018
30,5,8,28.880,UNEXPECTED_DB_FAILURE,CannotAcquireLockException,1,0,0,false,34.018
30,6,8,28.717,UNEXPECTED_DB_FAILURE,CannotAcquireLockException,1,0,0,false,34.018
30,7,8,28.885,UNEXPECTED_DB_FAILURE,CannotAcquireLockException,1,0,0,false,34.018
31,0,8,30.806,UNEXPECTED_DB_FAILURE,CannotAcquireLockException,1,0,0,false,37.560
31,1,8,31.462,UNEXPECTED_DB_FAILURE,CannotAcquireLockException,1,0,0,false,37.560
31,2,8,31.446,UNEXPECTED_DB_FAILURE,CannotAcquireLockException,1,0,0,false,37.560
31,3,8,32.269,UNEXPECTED_DB_FAILURE,CannotAcquireLockException,1,0,0,false,37.560
31,4,8,37.489,SUCCESS,,1,0,0,false,37.560
31,5,8,31.360,UNEXPECTED_DB_FAILURE,CannotAcquireLockException,1,0,0,false,37.560
31,6,8,31.481,UNEXPECTED_DB_FAILURE,CannotAcquireLockException,1,0,0,false,37.560
31,7,8,31.396,UNEXPECTED_DB_FAILURE,CannotAcquireLockException,1,0,0,false,37.560
32,0,8,34.117,SUCCESS,,1,0,0,false,34.159
32,1,8,27.896,UNEXPECTED_DB_FAILURE,CannotAcquireLockException,1,0,0,false,34.159
32,2,8,29.844,UNEXPECTED_DB_FAILURE,CannotAcquireLockException,1,0,0,false,34.159
32,3,8,27.913,UNEXPECTED_DB_FAILURE,CannotAcquireLockException,1,0,0,false,34.159
32,4,8,29.264,UNEXPECTED_DB_FAILURE,CannotAcquireLockException,1,0,0,false,34.159
32,5,8,29.395,UNEXPECTED_DB_FAILURE,CannotAcquireLockException,1,0,0,false,34.159
32,6,8,29.427,UNEXPECTED_DB_FAILURE,CannotAcquireLockException,1,0,0,false,34.159
32,7,8,29.299,UNEXPECTED_DB_FAILURE,CannotAcquireLockException,1,0,0,false,34.159
33,0,8,26.794,UNEXPECTED_DB_FAILURE,CannotAcquireLockException,1,0,0,false,34.129
33,1,8,25.212,UNEXPECTED_DB_FAILURE,CannotAcquireLockException,1,0,0,false,34.129
33,2,8,26.180,UNEXPECTED_DB_FAILURE,CannotAcquireLockException,1,0,0,false,34.129
33,3,8,26.007,UNEXPECTED_DB_FAILURE,CannotAcquireLockException,1,0,0,false,34.129
33,4,8,26.287,UNEXPECTED_DB_FAILURE,CannotAcquireLockException,1,0,0,false,34.129
33,5,8,33.996,SUCCESS,,1,0,0,false,34.129
33,6,8,25.251,UNEXPECTED_DB_FAILURE,CannotAcquireLockException,1,0,0,false,34.129
33,7,8,26.632,UNEXPECTED_DB_FAILURE,CannotAcquireLockException,1,0,0,false,34.129
34,0,8,31.846,UNEXPECTED_DB_FAILURE,CannotAcquireLockException,1,0,0,false,38.281
34,1,8,31.832,UNEXPECTED_DB_FAILURE,CannotAcquireLockException,1,0,0,false,38.281
34,2,8,32.075,UNEXPECTED_DB_FAILURE,CannotAcquireLockException,1,0,0,false,38.281
34,3,8,32.053,UNEXPECTED_DB_FAILURE,CannotAcquireLockException,1,0,0,false,38.281
34,4,8,38.210,SUCCESS,,1,0,0,false,38.281
34,5,8,31.942,UNEXPECTED_DB_FAILURE,CannotAcquireLockException,1,0,0,false,38.281
34,6,8,31.695,UNEXPECTED_DB_FAILURE,CannotAcquireLockException,1,0,0,false,38.281
34,7,8,31.929,UNEXPECTED_DB_FAILURE,CannotAcquireLockException,1,0,0,false,38.281
35,0,8,28.756,UNEXPECTED_DB_FAILURE,CannotAcquireLockException,1,0,0,false,34.214
35,1,8,28.290,UNEXPECTED_DB_FAILURE,CannotAcquireLockException,1,0,0,false,34.214
35,2,8,34.152,SUCCESS,,1,0,0,false,34.214
35,3,8,28.229,UNEXPECTED_DB_FAILURE,CannotAcquireLockException,1,0,0,false,34.214
35,4,8,28.220,UNEXPECTED_DB_FAILURE,CannotAcquireLockException,1,0,0,false,34.214
35,5,8,27.256,UNEXPECTED_DB_FAILURE,CannotAcquireLockException,1,0,0,false,34.214
35,6,8,27.190,UNEXPECTED_DB_FAILURE,CannotAcquireLockException,1,0,0,false,34.214
35,7,8,27.232,UNEXPECTED_DB_FAILURE,CannotAcquireLockException,1,0,0,false,34.214
36,0,8,30.897,UNEXPECTED_DB_FAILURE,CannotAcquireLockException,1,0,0,false,35.810
36,1,8,30.977,UNEXPECTED_DB_FAILURE,CannotAcquireLockException,1,0,0,false,35.810
36,2,8,30.881,UNEXPECTED_DB_FAILURE,CannotAcquireLockException,1,0,0,false,35.810
36,3,8,29.885,UNEXPECTED_DB_FAILURE,CannotAcquireLockException,1,0,0,false,35.810
36,4,8,31.579,UNEXPECTED_DB_FAILURE,CannotAcquireLockException,1,0,0,false,35.810
36,5,8,31.459,UNEXPECTED_DB_FAILURE,CannotAcquireLockException,1,0,0,false,35.810
36,6,8,29.801,UNEXPECTED_DB_FAILURE,CannotAcquireLockException,1,0,0,false,35.810
36,7,8,35.517,SUCCESS,,1,0,0,false,35.810
37,0,8,35.273,UNEXPECTED_DB_FAILURE,CannotAcquireLockException,1,0,0,false,40.856
37,1,8,35.319,UNEXPECTED_DB_FAILURE,CannotAcquireLockException,1,0,0,false,40.856
37,2,8,35.238,UNEXPECTED_DB_FAILURE,CannotAcquireLockException,1,0,0,false,40.856
37,3,8,35.244,UNEXPECTED_DB_FAILURE,CannotAcquireLockException,1,0,0,false,40.856
37,4,8,35.326,UNEXPECTED_DB_FAILURE,CannotAcquireLockException,1,0,0,false,40.856
37,5,8,35.234,UNEXPECTED_DB_FAILURE,CannotAcquireLockException,1,0,0,false,40.856
37,6,8,40.655,SUCCESS,,1,0,0,false,40.856
37,7,8,35.538,UNEXPECTED_DB_FAILURE,CannotAcquireLockException,1,0,0,false,40.856
38,0,8,29.063,UNEXPECTED_DB_FAILURE,CannotAcquireLockException,1,0,0,false,34.560
38,1,8,34.502,SUCCESS,,1,0,0,false,34.560
38,2,8,28.907,UNEXPECTED_DB_FAILURE,CannotAcquireLockException,1,0,0,false,34.560
38,3,8,28.987,UNEXPECTED_DB_FAILURE,CannotAcquireLockException,1,0,0,false,34.560
38,4,8,28.978,UNEXPECTED_DB_FAILURE,CannotAcquireLockException,1,0,0,false,34.560
38,5,8,29.010,UNEXPECTED_DB_FAILURE,CannotAcquireLockException,1,0,0,false,34.560
38,6,8,28.843,UNEXPECTED_DB_FAILURE,CannotAcquireLockException,1,0,0,false,34.560
38,7,8,28.813,UNEXPECTED_DB_FAILURE,CannotAcquireLockException,1,0,0,false,34.560
39,0,8,35.939,UNEXPECTED_DB_FAILURE,CannotAcquireLockException,1,0,0,false,41.374
39,1,8,35.697,UNEXPECTED_DB_FAILURE,CannotAcquireLockException,1,0,0,false,41.374
39,2,8,35.724,UNEXPECTED_DB_FAILURE,CannotAcquireLockException,1,0,0,false,41.374
39,3,8,34.977,UNEXPECTED_DB_FAILURE,CannotAcquireLockException,1,0,0,false,41.374
39,4,8,35.958,UNEXPECTED_DB_FAILURE,CannotAcquireLockException,1,0,0,false,41.374
39,5,8,35.005,UNEXPECTED_DB_FAILURE,CannotAcquireLockException,1,0,0,false,41.374
39,6,8,35.742,UNEXPECTED_DB_FAILURE,CannotAcquireLockException,1,0,0,false,41.374
39,7,8,41.090,SUCCESS,,1,0,0,false,41.374
40,0,8,25.734,UNEXPECTED_DB_FAILURE,CannotAcquireLockException,1,0,0,false,30.865
40,1,8,25.789,UNEXPECTED_DB_FAILURE,CannotAcquireLockException,1,0,0,false,30.865
40,2,8,26.452,UNEXPECTED_DB_FAILURE,CannotAcquireLockException,1,0,0,false,30.865
40,3,8,26.471,UNEXPECTED_DB_FAILURE,CannotAcquireLockException,1,0,0,false,30.865
40,4,8,25.827,UNEXPECTED_DB_FAILURE,CannotAcquireLockException,1,0,0,false,30.865
40,5,8,26.393,UNEXPECTED_DB_FAILURE,CannotAcquireLockException,1,0,0,false,30.865
40,6,8,30.758,SUCCESS,,1,0,0,false,30.865
40,7,8,26.380,UNEXPECTED_DB_FAILURE,CannotAcquireLockException,1,0,0,false,30.865
41,0,8,34.938,UNEXPECTED_DB_FAILURE,CannotAcquireLockException,1,0,0,false,40.383
41,1,8,34.896,UNEXPECTED_DB_FAILURE,CannotAcquireLockException,1,0,0,false,40.383
41,2,8,34.882,UNEXPECTED_DB_FAILURE,CannotAcquireLockException,1,0,0,false,40.383
41,3,8,34.029,UNEXPECTED_DB_FAILURE,CannotAcquireLockException,1,0,0,false,40.383
41,4,8,34.037,UNEXPECTED_DB_FAILURE,CannotAcquireLockException,1,0,0,false,40.383
41,5,8,34.962,UNEXPECTED_DB_FAILURE,CannotAcquireLockException,1,0,0,false,40.383
41,6,8,34.801,UNEXPECTED_DB_FAILURE,CannotAcquireLockException,1,0,0,false,40.383
41,7,8,40.207,SUCCESS,,1,0,0,false,40.383
42,0,8,27.433,UNEXPECTED_DB_FAILURE,CannotAcquireLockException,1,0,0,false,33.549
42,1,8,27.627,UNEXPECTED_DB_FAILURE,CannotAcquireLockException,1,0,0,false,33.549
42,2,8,28.395,UNEXPECTED_DB_FAILURE,CannotAcquireLockException,1,0,0,false,33.549
42,3,8,28.378,UNEXPECTED_DB_FAILURE,CannotAcquireLockException,1,0,0,false,33.549
42,4,8,28.393,UNEXPECTED_DB_FAILURE,CannotAcquireLockException,1,0,0,false,33.549
42,5,8,33.439,SUCCESS,,1,0,0,false,33.549
42,6,8,28.282,UNEXPECTED_DB_FAILURE,CannotAcquireLockException,1,0,0,false,33.549
42,7,8,28.269,UNEXPECTED_DB_FAILURE,CannotAcquireLockException,1,0,0,false,33.549
43,0,8,31.179,UNEXPECTED_DB_FAILURE,CannotAcquireLockException,1,0,0,false,37.206
43,1,8,31.815,UNEXPECTED_DB_FAILURE,CannotAcquireLockException,1,0,0,false,37.206
43,2,8,31.830,UNEXPECTED_DB_FAILURE,CannotAcquireLockException,1,0,0,false,37.206
43,3,8,37.138,SUCCESS,,1,0,0,false,37.206
43,4,8,31.590,UNEXPECTED_DB_FAILURE,CannotAcquireLockException,1,0,0,false,37.206
43,5,8,31.686,UNEXPECTED_DB_FAILURE,CannotAcquireLockException,1,0,0,false,37.206
43,6,8,32.416,UNEXPECTED_DB_FAILURE,CannotAcquireLockException,1,0,0,false,37.206
43,7,8,32.208,UNEXPECTED_DB_FAILURE,CannotAcquireLockException,1,0,0,false,37.206
44,0,8,28.036,SUCCESS,,1,0,0,false,28.075
44,1,8,22.696,UNEXPECTED_DB_FAILURE,CannotAcquireLockException,1,0,0,false,28.075
44,2,8,23.167,UNEXPECTED_DB_FAILURE,CannotAcquireLockException,1,0,0,false,28.075
44,3,8,23.150,UNEXPECTED_DB_FAILURE,CannotAcquireLockException,1,0,0,false,28.075
44,4,8,22.122,UNEXPECTED_DB_FAILURE,CannotAcquireLockException,1,0,0,false,28.075
44,5,8,22.613,UNEXPECTED_DB_FAILURE,CannotAcquireLockException,1,0,0,false,28.075
44,6,8,23.048,UNEXPECTED_DB_FAILURE,CannotAcquireLockException,1,0,0,false,28.075
44,7,8,21.982,UNEXPECTED_DB_FAILURE,CannotAcquireLockException,1,0,0,false,28.075
45,0,8,27.387,UNEXPECTED_DB_FAILURE,CannotAcquireLockException,1,0,0,false,33.639
45,1,8,27.331,UNEXPECTED_DB_FAILURE,CannotAcquireLockException,1,0,0,false,33.639
45,2,8,27.306,UNEXPECTED_DB_FAILURE,CannotAcquireLockException,1,0,0,false,33.639
45,3,8,27.266,UNEXPECTED_DB_FAILURE,CannotAcquireLockException,1,0,0,false,33.639
45,4,8,27.288,UNEXPECTED_DB_FAILURE,CannotAcquireLockException,1,0,0,false,33.639
45,5,8,27.224,UNEXPECTED_DB_FAILURE,CannotAcquireLockException,1,0,0,false,33.639
45,6,8,27.576,UNEXPECTED_DB_FAILURE,CannotAcquireLockException,1,0,0,false,33.639
45,7,8,33.415,SUCCESS,,1,0,0,false,33.639
46,0,8,31.387,UNEXPECTED_DB_FAILURE,CannotAcquireLockException,1,0,0,false,36.820
46,1,8,31.297,UNEXPECTED_DB_FAILURE,CannotAcquireLockException,1,0,0,false,36.820
46,2,8,31.409,UNEXPECTED_DB_FAILURE,CannotAcquireLockException,1,0,0,false,36.820
46,3,8,31.967,UNEXPECTED_DB_FAILURE,CannotAcquireLockException,1,0,0,false,36.820
46,4,8,36.702,SUCCESS,,1,0,0,false,36.820
46,5,8,31.326,UNEXPECTED_DB_FAILURE,CannotAcquireLockException,1,0,0,false,36.820
46,6,8,31.341,UNEXPECTED_DB_FAILURE,CannotAcquireLockException,1,0,0,false,36.820
46,7,8,31.330,UNEXPECTED_DB_FAILURE,CannotAcquireLockException,1,0,0,false,36.820
47,0,8,28.338,UNEXPECTED_DB_FAILURE,CannotAcquireLockException,1,0,0,false,33.170
47,1,8,29.152,UNEXPECTED_DB_FAILURE,CannotAcquireLockException,1,0,0,false,33.170
47,2,8,27.634,UNEXPECTED_DB_FAILURE,CannotAcquireLockException,1,0,0,false,33.170
47,3,8,33.079,SUCCESS,,1,0,0,false,33.170
47,4,8,29.074,UNEXPECTED_DB_FAILURE,CannotAcquireLockException,1,0,0,false,33.170
47,5,8,27.530,UNEXPECTED_DB_FAILURE,CannotAcquireLockException,1,0,0,false,33.170
47,6,8,29.010,UNEXPECTED_DB_FAILURE,CannotAcquireLockException,1,0,0,false,33.170
47,7,8,27.456,UNEXPECTED_DB_FAILURE,CannotAcquireLockException,1,0,0,false,33.170
48,0,8,27.713,UNEXPECTED_DB_FAILURE,CannotAcquireLockException,1,0,0,false,32.523
48,1,8,28.225,UNEXPECTED_DB_FAILURE,CannotAcquireLockException,1,0,0,false,32.523
48,2,8,27.012,UNEXPECTED_DB_FAILURE,CannotAcquireLockException,1,0,0,false,32.523
48,3,8,32.359,SUCCESS,,1,0,0,false,32.523
48,4,8,27.995,UNEXPECTED_DB_FAILURE,CannotAcquireLockException,1,0,0,false,32.523
48,5,8,27.495,UNEXPECTED_DB_FAILURE,CannotAcquireLockException,1,0,0,false,32.523
48,6,8,26.979,UNEXPECTED_DB_FAILURE,CannotAcquireLockException,1,0,0,false,32.523
48,7,8,27.444,UNEXPECTED_DB_FAILURE,CannotAcquireLockException,1,0,0,false,32.523
49,0,8,25.698,UNEXPECTED_DB_FAILURE,CannotAcquireLockException,1,0,0,false,39.060
49,1,8,25.645,UNEXPECTED_DB_FAILURE,CannotAcquireLockException,1,0,0,false,39.060
49,2,8,25.696,UNEXPECTED_DB_FAILURE,CannotAcquireLockException,1,0,0,false,39.060
49,3,8,25.722,UNEXPECTED_DB_FAILURE,CannotAcquireLockException,1,0,0,false,39.060
49,4,8,25.660,UNEXPECTED_DB_FAILURE,CannotAcquireLockException,1,0,0,false,39.060
49,5,8,25.687,UNEXPECTED_DB_FAILURE,CannotAcquireLockException,1,0,0,false,39.060
49,6,8,25.713,UNEXPECTED_DB_FAILURE,CannotAcquireLockException,1,0,0,false,39.060
49,7,8,38.897,SUCCESS,,1,0,0,false,39.060
50,0,8,30.754,UNEXPECTED_DB_FAILURE,CannotAcquireLockException,1,0,0,false,33.276
50,1,8,33.238,SUCCESS,,1,0,0,false,33.276
50,2,8,30.724,UNEXPECTED_DB_FAILURE,CannotAcquireLockException,1,0,0,false,33.276
50,3,8,30.088,UNEXPECTED_DB_FAILURE,CannotAcquireLockException,1,0,0,false,33.276
50,4,8,30.731,UNEXPECTED_DB_FAILURE,CannotAcquireLockException,1,0,0,false,33.276
50,5,8,30.707,UNEXPECTED_DB_FAILURE,CannotAcquireLockException,1,0,0,false,33.276
50,6,8,30.634,UNEXPECTED_DB_FAILURE,CannotAcquireLockException,1,0,0,false,33.276
50,7,8,30.637,UNEXPECTED_DB_FAILURE,CannotAcquireLockException,1,0,0,false,33.276
